02/05/22-19:57|INFO   |new project created (proj1)
02/05/22-20:04|INFO   |file 'proj_conf.yaml' saved
04/05/22-10:58|INFO   |new project created (proj2)
05/05/22-14:42|INFO   |file 'Dockerfile' saved
05/05/22-16:18|INFO   |file 'Dockerfile' saved
05/05/22-16:18|INFO   |file 'Dockerfile' saved
05/05/22-17:16|INFO   |file 'scoring' saved
05/05/22-21:13|INFO   |file 'dns.c' saved
05/05/22-21:16|INFO   |file 'dns.c' saved
05/05/22-21:24|INFO   |file 'dns.c' saved
05/05/22-22:06|INFO   |file 'dns.c' saved
06/05/22-14:17|INFO   |file 'proj_conf.yaml' saved
06/05/22-15:09|INFO   |file 'proj_conf.yaml' saved
06/05/22-15:13|INFO   |file 'proj_conf.yaml' saved
